<?xml version="1.0" encoding="UTF-8" ?>
<DataIntegratorExport repositoryVersion="14.3.3.0000" productVersion="14.3.3.385">
<DIJob name="JB_SIMPLE_SCR" typeId="2" >
<DISteps>
<DIScript>
<DIUIOptions>
<DIAttribute name="ui_display_name" value="SIMPLE_SCR"/>
<DIAttribute name="ui_script_text" value="&#xD;&#xA;&#xD;&#xA;print( '----**** Your Script has started execution *****------');&#xD;&#xA;&#xD;&#xA;&#xD;&#xA;print( 'Length of the job name is: ' || length(job_name( )));&#xD;&#xA;&#xD;&#xA;&#xD;&#xA;&#xD;&#xA;print( '----**** Your Script has executed sucessfully *****------');&#xD;&#xA;&#xD;&#xA;&#xD;&#xA;"/>
</DIUIOptions>
<DIFunctionCallStep typeId="11" >
<DIExpression isString="true" expr="print('----**** Your Script has started execution *****------')" >
<FUNCTION_CALL name="print"  type="DI" >
<CONSTANT value="----**** Your Script has started execution *****------" datatype="VARCHAR" size="54" />
</FUNCTION_CALL>
</DIExpression>
</DIFunctionCallStep>
<DIFunctionCallStep typeId="11" >
<DIExpression isString="true" expr="print(('Length of the job name is: ' || length(job_name())))" >
<FUNCTION_CALL name="print"  type="DI" >
<CONCAT>
<CONSTANT value="Length of the job name is: " datatype="VARCHAR" size="27" />
<FUNCTION_CALL name="length"  type="DI" >
<FUNCTION_CALL name="job_name"  type="DI" />
</FUNCTION_CALL>
</CONCAT>
</FUNCTION_CALL>
</DIExpression>
</DIFunctionCallStep>
<DIFunctionCallStep typeId="11" >
<DIExpression isString="true" expr="print('----**** Your Script has executed sucessfully *****------')" >
<FUNCTION_CALL name="print"  type="DI" >
<CONSTANT value="----**** Your Script has executed sucessfully *****------" datatype="VARCHAR" size="57" />
</FUNCTION_CALL>
</DIExpression>
</DIFunctionCallStep>
</DIScript>
</DISteps>
<DIAttributes>
<DIAttribute name="job_checkpoint_enabled" value="no"/>
<DIAttribute name="job_collect_statistics" value="no"/>
<DIAttribute name="job_collect_statistics_monitor" value="no"/>
<DIAttribute name="job_create_debug_package" value="no"/>
<DIAttribute name="job_enable_assemblers" value="yes"/>
<DIAttribute name="job_enable_audit" value="yes"/>
<DIAttribute name="job_enable_dataquality" value="yes"/>
<DIAttribute name="job_export_repo" value="no"/>
<DIAttribute name="job_export_reports" value="no"/>
<DIAttribute name="job_isrecoverable" value="no"/>
<DIAttribute name="job_mode" value="Multi-Process"/>
<DIAttribute name="job_monitor_sample_rate" value="1000"/>
<DIAttribute name="job_monitor_timer_rate" value="5"/>
<DIAttribute name="job_name" value="JB_SIMPLE_SCR"/>
<DIAttribute name="job_print_version" value="no"/>
<DIAttribute name="job_testmode_enabled" value="no"/>
<DIAttribute name="job_trace_abapquery" value="no"/>
<DIAttribute name="job_trace_all" value="no"/>
<DIAttribute name="job_trace_ascomm" value="no"/>
<DIAttribute name="job_trace_assemblers" value="no"/>
<DIAttribute name="job_trace_audit" value="no"/>
<DIAttribute name="job_trace_dataflow" value="yes"/>
<DIAttribute name="job_trace_idoc_file" value="no"/>
<DIAttribute name="job_trace_memory_loader" value="no"/>
<DIAttribute name="job_trace_memory_reader" value="no"/>
<DIAttribute name="job_trace_optimized_dataflow" value="no"/>
<DIAttribute name="job_trace_parallel_execution" value="no"/>
<DIAttribute name="job_trace_rfc_function" value="no"/>
<DIAttribute name="job_trace_row" value="no"/>
<DIAttribute name="job_trace_script" value="no"/>
<DIAttribute name="job_trace_session" value="yes"/>
<DIAttribute name="job_trace_sql_only" value="no"/>
<DIAttribute name="job_trace_sqlfunctions" value="no"/>
<DIAttribute name="job_trace_sqlloaders" value="no"/>
<DIAttribute name="job_trace_sqlreaders" value="no"/>
<DIAttribute name="job_trace_sqltransforms" value="no"/>
<DIAttribute name="job_trace_stored_procedure" value="no"/>
<DIAttribute name="job_trace_table" value="no"/>
<DIAttribute name="job_trace_table_reader" value="no"/>
<DIAttribute name="job_trace_transform" value="no"/>
<DIAttribute name="job_trace_userfunction" value="no"/>
<DIAttribute name="job_trace_usertransform" value="no"/>
<DIAttribute name="job_trace_workflow" value="yes"/>
<DIAttribute name="job_type" value="batch"/>
<DIAttribute name="job_use_statistics" value="yes"/>
<DIAttribute name="locale_codepage" value="&lt;default&gt;"/>
<DIAttribute name="locale_language" value="&lt;default&gt;"/>
<DIAttribute name="locale_territory" value="&lt;default&gt;"/>
</DIAttributes>
</DIJob>

</DataIntegratorExport>

