<DIJob name="JB_W10_GENEN_WM_MIB_05_TRF" typeId="2" >
<DIVariables>
<DIElement paramType="GLOBAL" name="$G_MIB_TRF" datatype="VARCHAR" size="1" >
</DIElement>
<DIElement paramType="GLOBAL" name="$G_MIB_VAL" datatype="VARCHAR" size="1" >
</DIElement>
<DIElement paramType="GLOBAL" name="$G_MIB_SGTIN" datatype="VARCHAR" size="1" >
</DIElement>
<DIElement paramType="GLOBAL" name="$G_MIB_SGTIN_BIN" datatype="VARCHAR" size="1" >
</DIElement>
<DIElement paramType="GLOBAL" name="$G_MIB_1010_1000_RPTS" datatype="VARCHAR" size="1" >
</DIElement>
<DIElement paramType="GLOBAL" name="$G_MIB_DIR_OUT" datatype="VARCHAR" size="255" >
</DIElement>
<DIElement paramType="GLOBAL" name="$G_MIB_DIR_PRELOAD" datatype="VARCHAR" size="255" >
</DIElement>
<DIElement paramType="GLOBAL" name="$G_MIB_DIR_IN" datatype="VARCHAR" size="255" >
</DIElement>