<?xml version="1.0" encoding="UTF-8" ?>
<DataIntegratorExport repositoryVersion="14.3.3.0000" productVersion="14.3.3.385">
<DIJob name="JB_COMPLEX_SCR" typeId="2" >
<DISteps>
<DIScript>
<DIUIOptions>
<DIAttribute name="ui_display_name" value="COMPLEX_SCR"/>
<DIAttribute name="ui_script_text" value="&#xD;&#xA;&#xD;&#xA;print( '----**** Your Script has started execution *****------');&#xD;&#xA;&#xD;&#xA;&#xD;&#xA;print('TODAY\'S DATE : '|| date_part( sysdate( ),'DD'));&#xD;&#xA;&#xD;&#xA;&#xD;&#xA;print('CURRENT MONTH NUMBER :'|| date_part( sysdate( ),'MM'));&#xD;&#xA;&#xD;&#xA;&#xD;&#xA;print('CURRENT YEAR :'|| date_part( sysdate( ),'YYYY'));&#xD;&#xA;&#xD;&#xA;&#xD;&#xA;print( 'DAY IN THE YEAR : '|| day_in_year( sysdate( )));&#xD;&#xA;&#xD;&#xA;&#xD;&#xA;print( 'DAY IN THE MONTH : '|| day_in_month( sysdate( )));&#xD;&#xA;&#xD;&#xA;&#xD;&#xA;print( 'DAY IN THE WEEK : ' || day_in_week( sysdate( )));&#xD;&#xA;&#xD;&#xA;&#xD;&#xA;print( 'CURRENT MONTH : '||to_char( sysdate( ),'MONTH'));&#xD;&#xA;&#xD;&#xA;&#xD;&#xA;print( '----**** Your Script has executed sucessfully *****------');&#xD;&#xA;&#xD;&#xA;&#xD;&#xA;&#xD;&#xA;"/>
</DIUIOptions>
<DIFunctionCallStep typeId="11" >
<DIExpression isString="true" expr="print('----**** Your Script has started execution *****------')" >
<FUNCTION_CALL name="print"  type="DI" >
<CONSTANT value="----**** Your Script has started execution *****------" datatype="VARCHAR" size="54" />
</FUNCTION_CALL>
</DIExpression>
</DIFunctionCallStep>
<DIFunctionCallStep typeId="11" >
<DIExpression isString="true" expr="print(('TODAY\'S DATE : ' || date_part(sysdate(), 'DD')))" >
<FUNCTION_CALL name="print"  type="DI" >
<CONCAT>
<CONSTANT value="TODAY'S DATE : " datatype="VARCHAR" size="15" />
<FUNCTION_CALL name="date_part"  type="DI" >
<FUNCTION_CALL name="sysdate"  type="DI" />
<CONSTANT value="DD" datatype="VARCHAR" size="2" />
</FUNCTION_CALL>
</CONCAT>
</FUNCTION_CALL>
</DIExpression>
</DIFunctionCallStep>
<DIFunctionCallStep typeId="11" >
<DIExpression isString="true" expr="print(('CURRENT MONTH NUMBER :' || date_part(sysdate(), 'MM')))" >
<FUNCTION_CALL name="print"  type="DI" >
<CONCAT>
<CONSTANT value="CURRENT MONTH NUMBER :" datatype="VARCHAR" size="22" />
<FUNCTION_CALL name="date_part"  type="DI" >
<FUNCTION_CALL name="sysdate"  type="DI" />
<CONSTANT value="MM" datatype="VARCHAR" size="2" />
</FUNCTION_CALL>
</CONCAT>
</FUNCTION_CALL>
</DIExpression>
</DIFunctionCallStep>
<DIFunctionCallStep typeId="11" >
<DIExpression isString="true" expr="print(('CURRENT YEAR :' || date_part(sysdate(), 'YYYY')))" >
<FUNCTION_CALL name="print"  type="DI" >
<CONCAT>
<CONSTANT value="CURRENT YEAR :" datatype="VARCHAR" size="14" />
<FUNCTION_CALL name="date_part"  type="DI" >
<FUNCTION_CALL name="sysdate"  type="DI" />
<CONSTANT value="YYYY" datatype="VARCHAR" size="4" />
</FUNCTION_CALL>
</CONCAT>
</FUNCTION_CALL>
</DIExpression>
</DIFunctionCallStep>
<DIFunctionCallStep typeId="11" >
<DIExpression isString="true" expr="print(('DAY IN THE YEAR : ' || day_in_year(sysdate())))" >
<FUNCTION_CALL name="print"  type="DI" >
<CONCAT>
<CONSTANT value="DAY IN THE YEAR : " datatype="VARCHAR" size="18" />
<FUNCTION_CALL name="day_in_year"  type="DI" >
<FUNCTION_CALL name="sysdate"  type="DI" />
</FUNCTION_CALL>
</CONCAT>
</FUNCTION_CALL>
</DIExpression>
</DIFunctionCallStep>
<DIFunctionCallStep typeId="11" >
<DIExpression isString="true" expr="print(('DAY IN THE MONTH : ' || day_in_month(sysdate())))" >
<FUNCTION_CALL name="print"  type="DI" >
<CONCAT>
<CONSTANT value="DAY IN THE MONTH : " datatype="VARCHAR" size="19" />
<FUNCTION_CALL name="day_in_month"  type="DI" >
<FUNCTION_CALL name="sysdate"  type="DI" />
</FUNCTION_CALL>
</CONCAT>
</FUNCTION_CALL>
</DIExpression>
</DIFunctionCallStep>
<DIFunctionCallStep typeId="11" >
<DIExpression isString="true" expr="print(('DAY IN THE WEEK : ' || day_in_week(sysdate())))" >
<FUNCTION_CALL name="print"  type="DI" >
<CONCAT>
<CONSTANT value="DAY IN THE WEEK : " datatype="VARCHAR" size="18" />
<FUNCTION_CALL name="day_in_week"  type="DI" >
<FUNCTION_CALL name="sysdate"  type="DI" />
</FUNCTION_CALL>
</CONCAT>
</FUNCTION_CALL>
</DIExpression>
</DIFunctionCallStep>
<DIFunctionCallStep typeId="11" >
<DIExpression isString="true" expr="print(('CURRENT MONTH : ' || to_char(sysdate(), 'MONTH')))" >
<FUNCTION_CALL name="print"  type="DI" >
<CONCAT>
<CONSTANT value="CURRENT MONTH : " datatype="VARCHAR" size="16" />
<FUNCTION_CALL name="to_char"  type="DI" >
<FUNCTION_CALL name="sysdate"  type="DI" />
<CONSTANT value="MONTH" datatype="VARCHAR" size="5" />
</FUNCTION_CALL>
</CONCAT>
</FUNCTION_CALL>
</DIExpression>
</DIFunctionCallStep>
<DIFunctionCallStep typeId="11" >
<DIExpression isString="true" expr="print('----**** Your Script has executed sucessfully *****------')" >
<FUNCTION_CALL name="print"  type="DI" >
<CONSTANT value="----**** Your Script has executed sucessfully *****------" datatype="VARCHAR" size="57" />
</FUNCTION_CALL>
</DIExpression>
</DIFunctionCallStep>
</DIScript>
</DISteps>
<DIAttributes>
<DIAttribute name="job_checkpoint_enabled" value="no"/>
<DIAttribute name="job_collect_statistics" value="no"/>
<DIAttribute name="job_collect_statistics_monitor" value="no"/>
<DIAttribute name="job_create_debug_package" value="no"/>
<DIAttribute name="job_enable_assemblers" value="yes"/>
<DIAttribute name="job_enable_audit" value="yes"/>
<DIAttribute name="job_enable_dataquality" value="yes"/>
<DIAttribute name="job_export_repo" value="no"/>
<DIAttribute name="job_export_reports" value="no"/>
<DIAttribute name="job_isrecoverable" value="no"/>
<DIAttribute name="job_mode" value="Multi-Process"/>
<DIAttribute name="job_monitor_sample_rate" value="1000"/>
<DIAttribute name="job_monitor_timer_rate" value="5"/>
<DIAttribute name="job_name" value="JB_COMPLEX_SCR"/>
<DIAttribute name="job_print_version" value="no"/>
<DIAttribute name="job_testmode_enabled" value="no"/>
<DIAttribute name="job_trace_abapquery" value="no"/>
<DIAttribute name="job_trace_all" value="no"/>
<DIAttribute name="job_trace_ascomm" value="no"/>
<DIAttribute name="job_trace_assemblers" value="no"/>
<DIAttribute name="job_trace_audit" value="no"/>
<DIAttribute name="job_trace_dataflow" value="yes"/>
<DIAttribute name="job_trace_idoc_file" value="no"/>
<DIAttribute name="job_trace_memory_loader" value="no"/>
<DIAttribute name="job_trace_memory_reader" value="no"/>
<DIAttribute name="job_trace_optimized_dataflow" value="no"/>
<DIAttribute name="job_trace_parallel_execution" value="no"/>
<DIAttribute name="job_trace_rfc_function" value="no"/>
<DIAttribute name="job_trace_row" value="no"/>
<DIAttribute name="job_trace_script" value="no"/>
<DIAttribute name="job_trace_session" value="yes"/>
<DIAttribute name="job_trace_sql_only" value="no"/>
<DIAttribute name="job_trace_sqlfunctions" value="no"/>
<DIAttribute name="job_trace_sqlloaders" value="no"/>
<DIAttribute name="job_trace_sqlreaders" value="no"/>
<DIAttribute name="job_trace_sqltransforms" value="no"/>
<DIAttribute name="job_trace_stored_procedure" value="no"/>
<DIAttribute name="job_trace_table" value="no"/>
<DIAttribute name="job_trace_table_reader" value="no"/>
<DIAttribute name="job_trace_transform" value="no"/>
<DIAttribute name="job_trace_userfunction" value="no"/>
<DIAttribute name="job_trace_usertransform" value="no"/>
<DIAttribute name="job_trace_workflow" value="yes"/>
<DIAttribute name="job_type" value="batch"/>
<DIAttribute name="job_use_statistics" value="yes"/>
<DIAttribute name="locale_codepage" value="&lt;default&gt;"/>
<DIAttribute name="locale_language" value="&lt;default&gt;"/>
<DIAttribute name="locale_territory" value="&lt;default&gt;"/>
</DIAttributes>
</DIJob>

</DataIntegratorExport>

